id,code,sheet
A01,2843146184269,1
A02,3686808208007,1
A03,0988207781376,1
A04,0980067650533,1
A05,2306825549129,1
A06,5776852741570,1
A07,3512445453909,1
A08,3463581050845,1
A09,0141833038706,1
A10,8346077379475,1
A11,2341436572418,1
A12,8062499517058,1
B01,4977328803292,2
B02,9045919442979,2
B03,0483044521814,2
B04,9029951399682,2
B05,0409546400099,2
B06,0780980231327,2
B07,0012972593503,2
B08,0350038585148,2
B09,2813757667154,2
B10,2606655689867,2
B11,2280889960390,2
B12,9384698294165,2
C01,6232260287424,3
C02,9077486093162,3
C03,6482437956749,3
C04,9390373224853,3
C05,4775971246264,3
C06,5709838114877,3
C07,9828685569701,3
C08,3321294129817,3
C09,4775111367019,3
C10,1290452442919,3
C11,4404393826364,3
C12,1264114651827,3
D01,3457741851397,4
D02,1215031693773,4
D03,5413808592403,4
D04,0287217960710,4
D05,7000201497770,4
D06,3620564679626,4
D07,7626500793575,4
D08,7558078544610,4
D09,1350011574311,4
D10,0959872547239,4
D11,8468978819192,4
D12,5092283237100,4
E01,3495668447927,5
E02,0467421407304,5
E03,1155428409368,5
E04,7738988404178,5
E05,5215929829846,5
E06,0503035709998,5
E07,0960291884799,5
E08,8209000182279,5
E09,1131319667444,5
E10,7640876079521,5
E11,3397833976907,5
E12,8457894637478,5
F01,9443789678632,6
F02,5908628874933,6
F03,2473296352630,6
F04,9120547365484,6
F05,6978805497025,6
F06,6083517202543,6
F07,0005604256792,6
F08,3309680351929,6
F09,2413239925903,6
F10,4931716019719,6
F11,6120991441317,6
F12,6068946507032,6
