file,sha256,bytes,width,height,round,sheet,damage,notes
2026-10-05 10.57.34.jpg,f685795a5c06cd593aad313632f7320cba98d0d901427315789e69b180b334da,7716543,3060,4080,1,A,clean,straight
2026-10-05 10.57.41.jpg,0c25ee4de1cace5f9f1b02cd902bd0f7013c5a2fd594fe40592a03a764c37230,7533091,3060,4080,1,A,clean,angled
2026-10-05 10.57.48.jpg,5d48f7bb37c27f7bdbf496eb6fb525145b8e9955ba7b6db18383eb260c74d802,7657224,3060,4080,1,B,clean,straight
2026-10-05 10.57.53.jpg,d07c70a4c0559e67123de296598ec47f206bfe9c12c529088a486fe1799edfab,7537028,3060,4080,1,B,clean,angled
2026-10-05 10.58.06.jpg,af167e18fc5c036c39462965b7dd8afab8509a093bcea01ed3691a1b743d484c,7703944,3060,4080,1,C,clean,straight
2026-10-05 10.58.11.jpg,384798cf8d0473c5b6213adc455426ced38bc5e64539b93c1f4bced1fb011ac0,7534323,3060,4080,1,C,clean,angled
2026-10-05 10.58.22.jpg,99df2ea68b6df4148bb8b2af485e9ca394126e41680e294a8852697c253ca9aa,7745279,3060,4080,1,D,clean,straight
2026-10-05 10.58.27.jpg,f5db2649500883e8b3188627a9a999a3ccebd9cb37a0dd49a7b55fc5692ab0e0,7590166,3060,4080,1,D,clean,angled
2026-10-05 10.58.43.jpg,e9110bee113c10b6efb47e6f559f5988bb53a3ad8bf1b29bc5184cc935c80bac,7613003,3060,4080,1,E,clean,straight
2026-10-05 10.58.46.jpg,14a76b28054ef45600ada3eaf7f88cdfb8ff741ff525666b95d5f0bfaf382562,7572621,3060,4080,1,E,clean,angled
2026-10-05 10.59.08.jpg,77039879a304ec483324d7f565fbac9677f3cdad2291fcff62fd35eb550914f4,7533304,3060,4080,1,F,clean,straight
2026-10-05 10.59.11.jpg,2d1f5398a7f8d6a361e7105e8f85dc4c5c24bc789cc6a12dd220d12b1cc77f1d,7507809,3060,4080,1,F,clean,angled
2026-10-05 11.00.50.jpg,3c0906d9ce923814644d04be03f4582279b11cce9938c839085b2dda6b76d19c,7552978,3060,4080,1,A,glare,"plastic sleeve, dish"
2026-10-05 11.01.05.jpg,b899c2a411a03ce826a40a9b76c5ce58b955e9f01f5ecadfa12c4e71dde847ba,7510780,3060,4080,1,B,glare,"plastic sleeve, dish"
2026-10-05 11.01.32.jpg,09ffe4ab7646cd238b9d72ab3832d90e60458e937d8d135666b1ef9c57e8f3ae,7320189,3060,4080,1,C,motion,phone moving
2026-10-05 11.01.44.jpg,fc8a2d504b45ad19511dfe9b2c1188e36d680a7199055dc30da89671ee580aed,7348226,3060,4080,1,D,motion,phone moving
2026-10-05 11.04.20.jpg,cb728e325679be080b193e2882b9da667a4b53efed31862ecabf5903b4d09e14,7651660,3060,4080,1,B,tear,torn strips
2026-10-05 11.05.25.jpg,6acfebf0558626bcde30af5a221f656ae1d1e7489550c3e9eefc0c40eb32e0c6,7695892,3060,4080,1,C,crumple,"crumpled, flattened"
2026-10-05 11.06.18.jpg,7c4148e62580e945ff323af0e89fb9cdd1f72dc1809ac11919d1b6be465d9ccc,8263966,3060,4080,1,D,fade,"light fading, dim light"
2026-10-05 11.07.03.jpg,59a24f32a73c756b399b9b964e3b17cbe37e0c2aaa74752fb541796627ef6d86,7780653,3060,4080,1,E,smear,ink smears
2026-10-05 11.07.46.jpg,a3075bae7204bb9509b94042b8847edf42edae024fc8bd274fa3dd8845d8e486,7695998,3060,4080,1,F,occlusion,objects and fingers
2026-10-05 11.39.38.jpg,aba50b5848c731435d77b22cbfcde4d712a67b650d7429425c19ff9db2971eb5,7555796,3060,4080,2,B,tear,"torn through every code, flaps"
2026-10-05 11.42.30.jpg,c2a13cd3c39eaa3141b2f2773faa1f1280f849ac3d0554c18ddd555ceea5db9a,7516886,3060,4080,2,F,occlusion,translucent masking tape
